Genomic locus	strand	L1 subfamily	Alu Subfamily	distance	MULTIZ	TSD	TSD sequence	TSD length	latest jumper
chr1:184845517-184851641	+	L1HS	AluJr4	8	N	N	AAAAATTTTAAAAAG	15	L1
chr14:44705081-44711204	-	L1HS	AluSz	6	N	N	AAGAAAACATAG	12	L1
chr16:33952565-33958712	-	L1HS	AluSx	0	N	N	AAGACCAGACTGGC	14	L1
chr16:35608476-35614601	-	L1HS	AluSx	9	\	N	AAAAAGAAAAAGA	13	L1
chr18:535602-541755	+	L1HS	AluSg	2	N	N	AAAAAAACAAAC	12	L1
chr18:47660274-47666427	+	L1HS	AluSx	1	N	N	AAGAGTTNGAGACCAG	16	L1
chr2:16593726-16599858	-	L1HS	AluSx1	3	N	N	AAAAAAATAAAGTT	14	L1
chr2:112503813-112509945	-	L1HS	AluSx	0	N	N	AAGAGTTCAAGACCAG	16	L1
chr2:148188646-148194773	+	L1HS	AluJb	41	N	N	AAAAATNAAAGAACAG	16	L1
chr22:28663184-28669315	+	L1HS	AluY	8	N	N	AAAAAAAAAAAAAGAAAGAAA	22	L1
chr4:62726949-62733069	-	L1HS	AluY	5	N	N	AAAAAAAAAAAAGTGTA	17	L1
chr4:98592436-98598563	-	L1HS	AluJb	3	N	N	AAANAAAAAACAG	13	L1
chr5:86510591-86516743	+	L1HS	AluSp	0	Y	Y	AAAGATGAAATGAT	14	Alu-L1
chr5:160709609-160715739	-	L1HS	AluSg7	49	N	N	AAAAATTTGTTTATGA	16	L1
chr6:51874684-51880802	+	L1HS	AluY	0	N	N	AAAAACACAAAAAA	14	L1
chr9:112798108-112804259	-	L1HS	AluSq2	7	N	N	AAAAAAAAAAAACAAACCTC	20	L1
chr1:118280788-118286905	+	L1PA2	AluSx	3	N	N	AAAAATACAAAAATCAG	17	L1
chr10:81709516-81715642	+	L1PA2	AluSx	0	N	N	AAAATAGANAATTAG	15	L1
chr11:75748517-75754649	+	L1PA2	AluY	0	\	N	AAGAGATGGAGAC	13	L1
chr11:94036758-94042888	+	L1PA2	AluY	0	Y	Y	AAAACTGCATGAATTG	16	Alu-L1
chr11:110208887-110215001	+	L1PA2	AluSq2	28	N	N	ATATAATGC	9	L1
chr12:58109258-58115406	-	L1PA2	AluSx	0	N	N	GAAAATACAAAAATTAG	17	L1
chr12:106471866-106477991	-	L1PA2	AluSx	0	N	Y	AAAAGCACTGCTTTG	15	\
chr13:40356191-40362321	+	L1PA2	AluJr	27	N	N	AAACATTTAG	10	L1
chr13:40734820-40740945	+	L1PA2	AluJo	18	N	N	AAAACCCCAAATAAC	15	L1
chr13:40828720-40834834	+	L1PA2	AluJo	8	N	Y	AAGAAAAGAAAAAGGA	16	L1
chr13:45644931-45651067	+	L1PA2	AluJr	10	N	N	AAAAATTACAAAAGA	15	L1
chr15:64326561-64332685	+	L1PA2	AluSx1	4	N	Y	AAAAAAGTAGTT	12	L1
chr15:85433864-85439965	+	L1PA2	AluSg	2	N	Y	AAAACCAGGTTGTCA	15	L1
chr15:97265581-97271704	-	L1PA2	AluSg	28	N	N	AAATAAACAGGTGGG	15	L1
chr16:21042673-21048803	-	L1PA2	AluSq2	1	N	N	AAGATCT	7	L1
chr16:48768572-48774703	-	L1PA2	AluSz	5	N	N	AATAATA	7	L1
chr16:63387978-63394106	+	L1PA2	AluYm1	50	N	N	AAAAGAAAGCCTCA	14	L1
chr17:3176431-3182557	+	L1PA2	AluSq	92	\	N	AGAAGTAAGGGAAAA	15	L1
chr18:40187640-40193757	-	L1PA2	AluY	0	N	N	AAAAATTCAAAAAATTAG	17	L1
chr19:37837403-37843533	+	L1PA2	AluSz	30	N	N	AAAAAAGATAGGAAT	15	L1
chr2:118137001-118143120	-	L1PA2	AluSx1	68	N	N	AAAAAATTACCTATTGGT	18	L1
chr2:137393161-137399290	-	L1PA2	AluSz	6	Y	Y	GCTGGNAGA	9	Alu-L1
chr2:197687547-197693661	-	L1PA2	AluSp	5	Y	N	AAGAGTGAANCCCT	14	L1
chr20:6315822-6321944	-	L1PA2	AluY	95	N	N	AAATTGT	7	L1
chr21:9333722-9339973	-	L1PA2	AluSp	94	N	Y	ATAATGTGG	9	L1
chr22:11959282-11965528	+	L1PA2	AluSp	94	\	N	TAAAAAATAATG	12	L1
chr3:18957807-18963933	-	L1PA2	AluJb	0	N	N	AAAAAAANAATG	12	L1
chr3:155119417-155125544	-	L1PA2	AluSg4	0	N	N	AGAGCA	6	L1
chr3:169679388-169685517	+	L1PA2	AluSz6	21	N	N	AAANAAAAGAGTTTAGAA	18	L1
chr4:68193959-68200204	+	L1PA2	AluSx1	92	N	N	AAAAGNGAG	9	L1
chr4:182779058-182785180	-	L1PA2	AluJb	4	Y	N	AAGAAAAAAANTAT	14	L1
chr5:33122271-33128395	+	L1PA2	AluJr4	3	Y	N	AAAAATAAGAAAAACT	17	L1
chr5:139005424-139011586	-	L1PA2	AluJr	29	N	Y	AAAANTATAGNTAG	14	L1
chr6:5886160-5892022	-	L1PA2	AluYb8	4	Y	Y	GAAAGTAAATTGGCCT	16	Alu-L1
chr6:9966045-9972149	-	L1PA2	AluSx	0	N	N	AAAAATACAAAAACTA	16	L1
chr6:44870535-44876665	+	L1PA2	AluJb	6	N	N	AAAAAAAAAANAAAGAAAAAGAAAAA	26	L1
chr6:104737216-104743324	+	L1PA2	AluSx1	3	N	N	AAAANAAAATT	11	L1
chr6:109245219-109251351	-	L1PA2	AluY	4	N	N	AAAAAATAAAAAAAAA	16	L1
chr6:141566006-141572136	+	L1PA2	AluJr4	3	Y	Y	AAAAAACAATGTATAATATA	20	Alu-L1
chr7:15940132-15946255	+	L1PA2	AluSc	0	N	N	AAATNAAAAAAATT	14	L1
chr7:115025115-115031215	-	L1PA2	AluSz	54	N	N	AAGATCTGATAAC	13	L1
chr7:130577698-130583509	+	L1PA2	AluYb8	0	\	N	AAAAAAAAAAANAAAAAAAAAAAANAGCCCA	31	L1
chr8:773347-779466	-	L1PA2	AluJr	91	N	N	AAAGAAGTGATT	12	L1
chr8:126313242-126319140	-	L1PA2	AluSx	4	N	N	AAAAAGAA	8	L1
chr8:137558585-137564712	-	L1PA2	AluSc	0	N	N	AGAGATCAAGAC	12	L1
chr9:69505952-69512070	+	L1PA2	AluSx	6	N	N	AAAANAAAAGAANAGG	16	L1
chr9:86156989-86163107	+	L1PA2	AluSp	0	Y	Y	TTCNTGANGGG	11	Alu-L1
chr9:86606054-86612154	-	L1PA2	AluY	0	N	N	AAAAAACTAG	10	L1
chr9:100527129-100533251	+	L1PA2	AluSx	69	N	N	AAAAAATGCCTGGATCCG	18	L1
chr9:105576168-105582292	-	L1PA2	AluJr4	5	N	N	AAAAAAAGAAAAGTTTC	17	L1
chr9:123903271-123909365	+	L1PA2	AluYa5	10	Y	N	AAAAAANAAAAANAAANAAAAAAACTGGAAAAA	33	L1
chrX:76577829-76584082	-	L1PA2	AluSc	38	\	Y	AAAAAGACT	9	L1
chrX:107364237-107370349	+	L1PA2	AluSz	5	N	Y	AGAACATGTGCAGTT	15	L1
chrY:7249560-7255617	-	L1PA2	AluJr	0	N	N	GCCTGNGTGA	10	L1
chrY:13179086-13185215	-	L1PA2	AluSg7	0	N	N	AAGACTGCATCTCA	14	L1
